Event , PID , PT , Y 
7,-421,1.3083,3.61453
8,-421,1.30675,3.65549
16,-421,0.865142,4.47031
29,-421,4.0778,2.19413
30,421,0.772575,3.65626
31,421,0.198139,4.28044
31,-421,3.01603,4.10333
32,421,1.60559,3.52129
35,-421,2.25476,4.63533
52,-421,1.00499,2.50659
54,421,1.20286,4.41106
58,421,0.65168,2.61291
67,-421,4.28888,3.41908
71,-421,0.563025,2.23146
72,421,1.63049,4.13388
72,-421,1.54578,3.6283
73,-421,1.51355,2.92583
75,421,1.6483,4.26511
84,-421,4.72352,3.68874
87,-421,1.28583,2.37401
99,421,2.09795,4.4847
99,-421,1.55223,3.4907
99,-421,1.50715,3.32822
100,-421,3.52824,3.54727
105,-421,1.34715,4.37934
111,-421,0.524145,4.38102
118,421,1.54594,2.15353
119,421,4.14697,2.97346
120,421,0.164449,4.67965
121,-421,1.30503,3.66106
123,421,0.571928,2.97556
123,-421,1.81221,4.11269
126,421,1.21087,2.16533
128,421,0.290262,4.90544
137,-421,1.90901,2.36819
144,421,8.03107,2.774
147,-421,1.39834,3.45987
147,421,2.77954,2.05809
148,421,1.39178,2.54528
149,421,0.622068,2.5756
151,421,0.747734,2.28009
155,-421,0.957987,2.29758
156,421,0.405179,4.89994
156,-421,2.44336,4.27744
158,-421,2.52793,3.79392
161,-421,1.85355,3.96056
163,421,1.66673,2.3746
164,-421,3.00163,2.41845
166,421,2.80675,4.0479
166,-421,3.797,3.82365
173,421,1.62187,3.40007
174,-421,1.97163,3.21666
184,421,1.37656,4.14795
188,421,1.12159,4.90759
190,-421,2.53971,3.59394
193,421,0.547964,4.25923
194,421,2.00649,4.48633
195,-421,2.70529,4.79053
195,421,1.5211,4.39511
196,-421,6.06811,2.59519
202,-421,1.87881,3.18091
205,421,8.90968,3.10728
211,421,1.26174,4.47955
220,-421,2.24058,3.57678
224,421,2.03959,2.11305
226,421,0.960917,4.85938
231,421,3.01654,3.84263
233,-421,1.59146,2.84375
234,421,1.67904,3.70874
241,421,0.940919,4.65861
241,-421,1.11337,4.41809
244,-421,1.22249,4.44023
244,421,0.953357,4.26035
250,421,1.31521,2.48824
254,421,0.779136,2.0734
255,-421,1.84674,4.90622
259,-421,0.123246,2.11278
262,-421,2.53998,2.77262
262,421,2.75762,4.50688
265,421,1.18587,2.76289
271,421,1.67156,4.6466
278,-421,0.100378,2.66703
278,421,0.905869,2.87677
284,-421,1.8538,2.66454
287,421,1.91171,4.85609
289,421,3.02552,3.42168
290,-421,1.15229,3.19111
290,421,1.07487,2.6035
304,-421,0.701727,2.45575
305,-421,2.51202,3.27913
307,421,1.9245,4.33888
312,421,0.52358,4.63548
316,-421,2.75749,4.01624
325,421,0.890561,4.19044
336,-421,2.35258,3.6613
337,-421,1.68468,4.71063
337,421,0.688966,3.59446
338,-421,2.13172,3.91324
342,-421,2.4911,2.75231
346,-421,2.67432,2.25376
346,421,3.51195,4.81568
349,-421,1.90808,2.8668
352,421,1.11896,4.45977
361,421,5.06849,3.07348
362,421,1.41555,4.43109
363,-421,2.55276,3.57093
364,421,0.627055,4.92568
364,-421,0.713047,2.50309
366,421,1.0148,2.19123
367,-421,0.637993,3.18863
372,-421,1.85246,2.58659
373,421,4.22186,2.67554
374,-421,5.10664,4.36378
383,-421,2.62534,2.85367
384,421,2.44475,2.31267
389,-421,1.88814,4.13678
389,421,2.0371,3.79819
393,421,1.9604,2.518
393,-421,2.01131,2.77658
401,421,3.81447,3.31591
402,-421,1.90016,3.92825
404,-421,1.54798,4.06335
408,-421,1.51362,2.7065
409,421,1.03744,3.47067
411,421,1.05225,2.5688
414,-421,2.35043,2.54502
417,-421,3.83032,3.17965
425,421,1.18072,2.44055
429,-421,1.6984,2.1279
434,421,2.35072,3.93538
439,-421,0.999174,3.17327
441,-421,2.1757,2.11004
441,421,0.751989,3.91731
455,421,1.04548,3.93564
455,-421,0.877081,2.83723
456,421,1.49806,2.08034
458,421,1.19147,2.1639
460,-421,3.06365,3.85362
460,421,1.9136,3.14163
461,-421,1.52831,3.47292
461,421,1.25183,4.16132
466,421,1.5705,3.64463
466,-421,0.888781,2.03816
467,421,1.48689,3.03345
468,-421,1.48971,3.94384
469,421,1.52937,3.32731
471,-421,0.629186,3.15506
471,421,1.72002,3.03553
471,-421,1.47724,3.66878
474,-421,2.35373,3.91329
478,421,2.9021,3.66221
478,-421,2.67814,4.6995
491,-421,7.27893,2.14343
491,421,3.30572,2.5973
496,-421,2.50598,4.31564
505,421,2.15919,4.55653
505,-421,1.30374,4.20479
511,421,4.86308,2.91619
515,-421,4.10017,4.40993
518,-421,0.983393,2.763
518,421,1.37617,3.53935
524,-421,2.70213,2.28715
529,-421,3.21266,2.54738
536,-421,2.99096,3.23139
537,-421,4.54308,2.92675
541,-421,2.379,4.05378
542,421,1.38788,3.46961
543,-421,0.778299,4.48236
547,421,2.1872,2.1018
547,-421,0.979282,3.01948
549,-421,1.68827,3.43191
552,-421,6.10679,2.34871
553,421,2.35406,4.23516
555,421,1.44607,4.08745
555,-421,0.842804,3.3753
565,-421,4.16477,2.5615
565,421,4.70071,2.19889
578,-421,1.93189,4.4263
585,421,4.15066,3.30085
585,-421,2.41026,3.12957
591,-421,1.10143,2.71609
593,-421,2.05191,3.05631
594,-421,1.56604,4.84276
596,-421,0.636117,2.09304
596,421,1.31464,3.40301
607,421,2.44573,3.23421
612,421,1.39111,2.7809
616,-421,1.96514,4.72471
625,-421,0.857034,3.88672
632,421,0.680588,2.80441
644,421,0.829821,4.96166
656,-421,1.2571,2.5821
657,421,1.31812,2.88324
662,-421,3.65643,3.42267
663,421,0.407603,4.0093
669,-421,1.05556,3.85099
676,-421,0.518022,4.1353
676,421,2.01202,2.63227
678,421,1.937,4.21492
680,421,1.60679,3.36644
682,-421,0.698501,3.41153
693,-421,0.906372,2.364
697,421,0.325137,4.97768
699,421,1.80514,3.11052
700,-421,1.58915,3.16057
700,421,0.373656,2.25274
702,-421,1.54732,3.11275
707,421,2.19799,3.05676
707,-421,2.38395,2.11128
708,-421,2.01498,4.73499
710,421,2.02849,2.16345
712,-421,4.90619,3.6587
720,421,1.96799,4.24245
726,421,0.770408,4.71247
736,-421,1.84284,3.36226
738,-421,2.70118,3.15176
743,-421,1.8655,3.90618
755,-421,1.56207,2.69301
760,-421,4.67939,3.72083
761,-421,1.75976,3.46724
775,421,1.14618,3.27897
778,-421,1.26161,2.76643
779,421,1.68586,4.07244
779,-421,1.24781,2.96193
783,421,1.65262,3.86356
791,-421,1.32178,4.94908
794,-421,0.940334,2.39578
799,421,2.37224,2.46839
801,421,3.15288,3.63838
804,421,0.965126,3.96809
805,421,1.81894,4.63957
805,-421,1.15063,4.12546
811,-421,3.27743,2.98506
812,-421,1.23381,4.61134
817,421,1.68999,3.0816
822,421,3.42606,2.16405
826,-421,1.33693,4.09422
839,-421,0.872674,3.02653
842,-421,1.38156,4.18101
844,-421,0.786301,3.9104
844,421,1.36682,4.05852
846,421,2.04667,4.70369
846,-421,2.44596,3.54079
850,421,0.638112,4.14943
852,-421,3.49082,3.00592
875,-421,1.87848,4.27817
875,421,2.51577,3.27885
884,421,1.03529,2.84317
884,-421,0.341549,2.40453
886,-421,1.44847,2.08499
887,-421,1.96616,2.00865
893,421,6.14228,4.15423
894,421,1.99232,2.28934
897,421,2.38796,4.37756
898,-421,1.39558,4.66051
901,421,0.804266,3.28731
903,-421,1.68356,3.30428
903,421,1.13994,2.98416
904,421,5.15673,4.18878
907,-421,2.29144,2.50067
910,421,3.92642,4.61469
911,-421,0.648925,3.45277
913,-421,5.25516,3.32641
915,421,0.925248,3.31607
921,-421,1.26754,3.89766
921,421,1.83572,2.18784
929,-421,1.19689,2.07567
930,421,1.44374,3.98184
941,421,3.07705,2.20596
944,-421,1.55044,2.52457
944,421,0.701994,2.09173
951,-421,3.33151,3.39582
954,421,0.595657,4.44316
975,421,0.280913,3.61466
978,-421,0.37827,4.74423
980,421,0.853864,4.62266
982,421,0.645389,3.42617
985,-421,1.91864,2.65076
987,421,1.73135,2.22212
992,421,1.36391,3.50953
993,421,0.450672,4.28203
994,421,4.24867,4.23722
997,421,0.968434,3.21426
998,-421,1.64222,3.70027
1004,421,1.00236,4.11512
1007,421,2.25486,2.16911
1013,-421,2.31766,2.55364
1017,-421,3.06491,2.44716
1019,421,0.949631,2.4878
1024,421,1.07498,3.14516
1025,-421,2.35432,2.50288
1028,-421,2.24486,4.29376
1040,421,1.42707,2.04588
1041,-421,1.34814,4.38709
1041,421,1.30911,2.68609
1046,-421,2.08268,2.82422
1049,421,0.56529,2.79675
1050,-421,2.12242,3.574
1051,421,2.29902,2.34744
1058,-421,2.33812,4.8421
1059,421,1.86526,3.7911
1061,421,5.8545,4.72328
1064,421,1.98299,2.90427
1065,421,1.83808,3.02448
1069,-421,1.95637,3.38602
1070,421,1.70788,3.10415
1075,-421,1.88283,2.85937
1077,-421,0.850255,2.49369
1077,421,1.20806,3.67885
1084,421,1.74859,3.54024
1085,421,4.35941,2.9356
1086,421,2.06282,2.50258
1088,-421,2.33257,4.46795
1088,421,4.86346,2.93885
1089,-421,2.8849,2.28299
1098,421,3.02485,2.57859
1104,421,0.230153,2.52674
1109,-421,1.49596,2.23034
1110,421,1.77633,3.81509
1110,-421,2.81467,3.64145
1122,421,1.77815,2.81695
1123,-421,1.2836,2.70717
1123,421,1.7346,2.13768
1127,-421,1.71365,2.3343
1130,-421,2.43739,4.66177
1130,421,3.09592,3.19436
1134,421,2.12952,3.52268
1159,421,1.37837,3.44376
1162,421,0.903253,2.69945
1165,421,3.23542,2.68436
1167,421,1.10271,3.88553
1171,421,1.87278,4.95003
1171,-421,2.66682,4.74486
1180,-421,1.37348,3.89851
1189,-421,3.50378,2.59614
1194,-421,1.43328,3.59951
1194,421,0.909701,2.9456
1206,-421,0.8798,4.15331
1209,421,1.00041,2.3034
1210,-421,2.18536,3.23405
1210,421,4.12458,4.78795
1211,-421,4.22723,4.85481
1211,421,2.91439,4.9502
1215,421,1.91198,3.67203
1232,421,1.58558,4.17369
1235,-421,0.731491,4.00441
1238,-421,0.414801,3.13843
1242,421,0.615245,4.31626
1246,-421,1.00242,2.02569
1253,-421,1.33297,3.87187
1263,421,1.78529,3.62675
1268,-421,1.68776,2.14871
1274,-421,1.62479,2.9094
1279,421,2.02926,3.74223
1285,-421,1.45153,3.89694
1288,421,1.68012,2.85169
1291,421,6.4254,4.85725
1299,-421,3.1618,4.24045
1305,-421,0.390371,4.78178
1306,421,2.45423,2.0842
1308,421,1.49316,4.3964
1309,-421,2.00799,4.06453
1315,-421,2.02189,4.43146
1315,421,2.05167,4.09079
1316,421,0.806244,4.90842
1316,-421,1.44144,3.13571
1317,421,1.53917,4.70493
1322,421,0.722533,4.25169
1326,421,1.25981,3.25514
1332,-421,1.25169,3.742
1333,-421,2.10771,2.19364
1345,-421,3.30844,2.69238
1345,421,2.17032,3.74633
1351,421,0.647852,3.13345
1358,421,2.25825,2.54515
1360,-421,1.54765,3.227
1360,421,2.24506,3.35563
1363,-421,1.89483,3.21353
1366,-421,1.27908,2.7101
1373,-421,3.47469,4.0122
1378,-421,3.21705,2.26312
1381,421,1.63425,2.05438
1387,421,2.35467,3.52043
1391,-421,1.17762,4.72461
1399,-421,2.72857,2.29614
1399,421,2.326,4.80705
1404,421,0.681991,3.8983
1404,-421,1.45512,4.24948
1407,-421,1.62711,3.18755
1417,-421,3.39727,2.33026
1424,-421,0.599708,2.34164
1425,-421,3.18596,2.16421
1432,421,1.82192,3.30927
1443,-421,1.74458,2.52889
1447,421,2.97364,2.94258
1447,-421,1.48624,3.67019
1451,-421,3.95688,3.5337
1455,-421,1.394,2.99833
1463,-421,0.448115,3.70836
1465,-421,2.78956,2.27644
1466,421,2.14981,3.35745
1470,-421,0.760284,3.37001
1470,421,2.34947,3.82967
1476,421,1.55938,2.44207
1479,421,1.16516,2.07719
1482,421,3.83129,3.76791
1501,-421,2.97235,4.56155
1503,421,2.82335,3.87673
1505,-421,0.862343,3.04734
1505,421,1.42863,4.12188
1506,421,2.06527,4.66808
1506,-421,2.06906,3.75277
1507,421,2.66644,3.81713
1512,-421,0.942922,4.00032
1513,421,3.46856,3.02705
1513,-421,2.43652,3.0475
1518,-421,3.39548,2.56844
1522,-421,2.1315,3.14211
1522,421,1.00029,4.23866
1527,-421,1.48773,4.46122
1527,421,2.53815,2.95833
1531,421,0.537583,4.2812
1531,-421,3.26381,2.72162
1532,-421,0.697421,2.11365
1537,-421,2.72755,3.41907
1540,421,3.04059,4.56674
1542,421,1.4712,3.01408
1556,421,1.46153,3.01803
1563,421,0.809232,2.30291
1569,-421,1.44357,2.26567
1569,421,0.776021,3.65562
1581,-421,1.44229,3.70977
1584,421,2.75801,4.40138
1586,421,1.24156,2.41553
1589,-421,0.196224,2.03195
1604,421,2.43084,2.10236
1606,421,1.52908,4.59811
1607,421,2.85607,2.03746
1620,421,1.59578,4.09066
1624,-421,1.09886,2.1927
1624,421,1.90041,4.80628
1630,421,1.40945,2.71965
1631,-421,1.64131,4.12133
1639,421,1.57477,2.39505
1644,421,0.355468,3.55172
1650,421,2.34828,2.83848
1654,421,2.71862,2.32506
1654,-421,4.39744,3.97076
1659,-421,2.04651,3.33285
1664,421,1.41269,4.31755
1667,-421,2.13918,4.3984
1678,-421,1.84178,4.64714
1678,421,0.946078,3.93243
1682,-421,3.30275,3.65129
1684,421,1.8277,2.12033
1687,421,1.02686,3.39742
1691,-421,3.18307,3.60237
1699,-421,0.766535,3.35474
1701,421,0.248134,3.4587
1706,-421,0.965659,4.29567
1706,421,0.553474,4.17393
1708,421,0.929568,3.13007
1709,421,1.78948,3.85199
1711,-421,0.659562,3.64412
1713,-421,1.10841,2.66391
1717,-421,3.24317,4.01718
1724,421,0.535233,3.61512
1724,-421,0.562612,3.95596
1729,421,2.16311,4.04253
1734,421,1.5686,4.47127
1749,-421,1.16995,2.03349
1750,421,0.817166,3.23093
1750,-421,1.71028,2.25556
1751,-421,4.01832,2.37819
1753,421,1.39252,3.76375
1755,-421,1.36935,2.42885
1763,-421,0.665359,2.20152
1765,-421,1.09932,4.55855
1772,421,1.48717,2.37919
1783,421,2.20724,3.77392
1784,421,3.39785,3.05818
1784,-421,1.18494,4.34306
1787,421,6.41215,3.33502
1792,-421,2.871,2.75818
1793,-421,2.89681,3.8231
1797,-421,1.24261,2.83269
1798,-421,1.93124,4.15905
1807,-421,2.41389,4.04528
1814,421,3.56237,3.15351
1820,-421,1.87077,4.63897
1822,421,1.40256,2.3967
1823,421,1.96449,2.41845
1829,421,1.72475,3.88184
1834,421,1.31513,3.72385
1835,-421,2.6116,2.35761
1850,-421,1.11083,3.92249
1850,421,0.883645,3.76981
1851,-421,2.27854,4.93692
1857,421,3.10464,2.08659
1861,421,1.42346,2.24751
1865,-421,1.51335,4.28806
1869,-421,3.56668,2.53173
1874,421,1.68152,4.94688
1874,-421,0.727094,4.35539
1877,421,1.71692,3.14251
1881,-421,3.22224,4.53879
1882,-421,0.605957,3.55459
1890,-421,2.30286,2.7274
1894,421,1.82957,4.44354
1896,421,1.66837,3.90713
1896,-421,1.05909,3.15074
1899,421,1.14848,3.89091
1908,421,1.06277,4.5119
1908,-421,1.88155,4.94935
1910,-421,1.36109,4.49601
1915,-421,1.19148,3.87879
1916,-421,0.328247,3.75059
1916,421,2.80126,4.13708
1917,-421,0.824267,4.92656
1918,421,0.759391,3.42527
1921,-421,1.52987,3.2905
1922,-421,1.64039,3.34327
1923,-421,0.336872,3.45251
1923,-421,2.69653,4.46142
1923,421,1.00255,4.06562
1925,-421,1.48792,4.12785
1926,421,3.36605,2.08355
1931,-421,1.89532,4.36458
1940,-421,0.518681,3.36574
1940,421,0.924669,3.98896
1942,-421,3.82043,2.02344
1943,421,1.94731,4.56078
1944,-421,1.02925,2.53279
1948,-421,1.9734,2.04296
1949,421,3.03392,4.27907
1952,-421,2.36271,2.90156
1955,-421,2.26664,3.15217
1957,-421,1.28745,4.46518
1958,-421,0.893763,4.14195
1960,-421,2.33971,3.12618
1960,421,1.05059,2.69676
1963,421,1.11118,2.45418
1966,-421,1.07712,2.42211
1976,421,1.61002,2.71594
2001,421,1.94261,2.03066
2024,421,1.65677,2.76277
2027,421,0.369636,3.52354
2029,-421,3.52515,3.3941
2035,421,1.13164,4.85798
2035,-421,0.978213,4.50406
2045,421,5.04281,2.99822
2046,-421,2.52073,2.02665
2049,-421,1.28629,2.57545
2053,421,2.18588,4.92547
2053,-421,0.993263,4.5398
2055,-421,0.972613,3.28334
2063,-421,1.88783,2.97775
2064,-421,2.20226,4.2127
2068,421,0.699639,2.57282
2075,421,3.9645,2.68809
2079,-421,2.63394,2.17487
2081,-421,1.34455,2.64965
2091,421,0.572762,4.27573
2096,-421,0.599482,2.32958
2111,-421,0.859408,3.23509
2119,421,1.54109,4.33623
2121,421,0.946071,2.88807
2123,-421,1.37286,3.65692
2126,-421,1.02496,3.80647
2126,421,1.09109,4.32773
2128,-421,1.44191,3.92236
2132,421,1.4315,4.00548
2133,421,1.64085,2.0053
2134,421,1.73698,2.27283
2159,421,2.43677,4.66674
2161,421,1.50494,4.75607
2165,421,0.789926,2.58929
2173,-421,2.54639,2.77961
2174,421,2.10929,4.2911
2176,421,0.818005,3.19632
2177,-421,4.6376,3.42841
2180,-421,1.36774,3.57352
2181,-421,2.11921,3.23757
2183,-421,2.72159,2.60365
2183,421,0.495196,2.23641
2189,-421,2.94557,2.33141
2192,-421,1.25593,4.05281
2194,-421,1.00338,4.28203
2198,421,1.4853,4.69828
2202,-421,1.5936,2.02151
2202,421,1.59307,3.74996
2204,-421,0.395527,4.8157
2207,421,3.12787,4.2511
2207,-421,0.835145,2.45504
2208,421,0.664442,4.22193
2211,421,0.860065,4.23674
2212,421,1.31891,3.17674
2215,-421,1.43664,4.43079
2217,421,0.87668,4.23289
2218,421,1.12522,4.41022
2223,-421,0.559291,2.57089
2233,-421,1.36648,3.13466
2234,-421,3.32427,3.68086
2234,421,0.672226,2.00846
2236,421,0.966075,3.52742
2244,-421,2.79048,2.51294
2246,-421,1.37131,2.37662
2251,421,3.60889,3.23627
2255,-421,2.11599,2.56709
2256,421,2.07258,2.19879
2266,-421,0.731754,4.78673
2266,421,0.709269,2.29991
2268,421,0.686388,3.63506
2268,-421,0.924689,2.70606
2270,-421,1.97553,2.33336
2270,421,0.972156,3.68461
2271,421,1.92727,3.96589
2274,-421,0.857825,3.67109
2276,-421,1.62091,4.59069
2279,421,0.557822,3.76598
2285,421,4.85508,3.0352
2288,-421,3.10861,4.31368
2293,421,5.34152,2.35066
2299,-421,0.65738,4.5674
2302,-421,1.52265,3.96062
2318,-421,3.89712,2.17265
2320,421,2.38881,4.57741
2322,-421,1.31342,3.7694
2327,-421,0.990799,3.29687
2328,-421,1.08105,2.40289
2335,421,1.4049,2.6466
2340,421,2.30708,2.75513
2341,421,1.30018,2.64342
2349,-421,0.805124,3.75516
2349,421,2.21797,3.70256
2350,-421,3.24109,3.19035
2352,-421,0.973079,4.83356
2361,-421,2.82608,3.03198
2367,-421,0.643426,3.33277
2373,-421,1.05725,2.69858
2376,421,1.164,2.6644
2378,-421,2.78671,3.97886
2390,-421,1.66944,4.93307
2390,421,0.649029,3.32037
2396,-421,4.09473,4.15182
2397,-421,1.85542,3.0785
2414,421,0.99425,3.77284
2421,421,1.22491,2.73982
2432,421,2.14924,2.00661
2434,421,1.1637,3.16415
2444,421,0.902721,2.29062
2447,-421,1.26749,3.52896
2449,421,3.29014,3.27996
2450,421,3.68916,2.1399
2455,-421,1.28979,3.40363
2462,-421,2.13057,4.0108
2465,-421,0.454471,3.98356
2465,421,2.35403,3.49124
2472,421,2.3308,4.5158
2476,421,2.03495,4.56844
2477,421,0.885077,4.00269
2478,-421,1.5134,4.07193
2481,421,3.19282,2.46143
2493,-421,2.33531,2.38036
2503,-421,0.84095,2.95694
2503,421,1.94878,3.44137
2504,421,0.996347,3.35548
2506,421,1.73677,4.84014
2515,-421,9.47548,2.62456
2515,-421,2.104,3.27835
2515,421,7.93636,2.33748
2528,-421,1.34322,4.39133
2531,-421,3.63551,2.25782
2534,421,0.273326,2.13405
2536,-421,1.65221,4.89496
2537,421,0.716308,2.96664
2540,421,1.25983,4.5028
2545,-421,2.75911,2.17973
2549,421,1.30782,3.52993
2558,421,0.807111,2.30019
2564,421,1.98738,2.55226
2569,-421,0.619623,3.99007
2572,-421,3.28866,2.21653
2575,-421,0.719018,3.18742
2577,-421,1.02917,3.2029
2577,421,1.6302,3.06803
2578,421,2.19285,2.92558
2583,-421,1.91706,2.07144
2584,421,1.19244,3.58432
2590,421,0.78264,4.18439
2594,-421,1.51038,4.92905
2594,421,0.51432,4.16904
2595,421,1.0793,3.20389
2596,-421,1.71327,3.59935
2598,-421,1.69064,2.40008
2599,-421,0.566536,4.70698
2602,-421,1.2371,4.42384
2613,421,1.07892,4.97163
2617,-421,1.89993,2.16431
2624,-421,3.71169,3.17474
2626,421,0.590922,4.63437
2626,421,2.75363,4.57879
2630,421,1.08341,3.75716
2630,-421,0.641083,4.74732
2631,421,1.49142,4.02556
2632,-421,0.81099,2.11332
2634,421,0.855661,4.96489
2636,421,3.86037,2.22657
2639,-421,2.62047,2.76937
2645,421,1.75699,4.43605
2650,-421,3.46426,3.80408
2654,421,2.31047,2.68135
2656,421,4.20433,2.04724
2667,-421,1.43019,2.82407
2669,-421,1.24342,2.38436
2671,421,1.4501,3.46483
2682,421,1.10544,2.25716
2688,-421,1.59982,3.92629
2692,421,0.812993,4.39543
2692,-421,1.13885,2.00836
2693,421,3.40206,2.83956
2695,421,1.12678,3.82446
2698,-421,0.736659,3.42437
2701,421,4.82023,4.75894
2702,421,0.939183,2.49602
2704,421,2.11912,3.51222
2712,-421,0.599757,3.02578
2714,-421,2.89691,4.1061
2716,-421,1.95241,3.96559
2716,421,1.76491,2.34143
2718,421,1.30963,4.55631
2722,-421,1.22864,3.09344
2728,421,1.3999,4.79101
2729,-421,0.390931,3.08926
2735,-421,0.981045,2.4148
2737,421,3.28026,4.32814
2738,-421,1.14962,2.02542
2742,-421,0.790472,2.72128
2744,421,3.13487,3.50426
2747,421,3.41574,4.34495
2747,-421,1.75697,2.78551
2753,421,1.2676,2.03932
2762,-421,1.34009,2.25102
2769,-421,1.94874,3.429
2769,421,0.830396,3.49449
2774,-421,1.68123,2.11178
2775,421,0.843267,3.47181
2783,-421,2.35843,2.6477
2784,421,1.13431,3.56543
2791,421,2.24368,2.69945
2795,421,2.91318,3.26659
2797,421,0.854388,3.57961
2798,421,0.728592,2.83916
2802,421,0.669857,3.8237
2807,-421,4.34524,2.94493
2810,-421,0.496233,3.74943
2826,-421,1.09609,2.71486
2828,-421,1.92641,2.33117
2834,-421,0.208644,2.1087
2835,421,2.51369,4.67964
2840,-421,4.788,2.27714
2843,-421,1.04026,2.46325
2846,-421,1.57694,3.46683
2850,421,4.15761,3.53712
2860,-421,3.17001,3.95762
2866,-421,1.0521,4.25308
2871,421,2.34267,3.79079
2878,-421,1.02667,3.30375
2882,-421,1.45018,3.59206
2883,-421,1.68245,2.40661
2885,421,0.633104,2.79943
2887,421,2.57419,3.25759
2888,421,1.52607,4.15561
2889,-421,0.890034,2.05943
2895,421,0.971071,2.24183
2896,421,2.38615,2.83113
2896,-421,2.8279,3.66358
2898,421,4.13491,2.87402
2899,-421,1.40397,4.93661
2900,421,0.380865,2.37253
2901,421,2.40079,3.43199
2901,-421,0.807532,3.09886
2904,-421,0.917544,4.48596
2909,-421,1.17834,3.21315
2910,-421,3.68214,2.76559
2921,421,0.931518,2.81576
2922,-421,2.9479,2.02624
2923,-421,0.984734,3.69834
2926,-421,1.88219,2.7598
2927,-421,0.918037,4.78913
2934,-421,1.76209,4.66571
2936,-421,1.21943,3.05312
2936,421,2.64281,2.02635
2942,-421,1.18454,2.13761
2944,-421,1.30429,4.79398
2946,421,1.3817,4.31366
2946,-421,1.85604,3.4865
2951,421,0.497872,4.51095
2952,421,7.65347,3.65038
2952,-421,2.25715,3.48696
2953,-421,2.28832,4.66346
2954,421,1.8621,3.28904
2959,421,0.719863,4.76734
2961,-421,1.39569,3.98778
2967,421,2.69297,4.47285
2969,421,2.11764,2.94399
2972,-421,3.07525,3.89542
2972,421,1.57721,3.04166
2973,421,5.13732,4.87114
2973,-421,0.599443,4.27105
2975,-421,0.930774,2.97524
2975,421,1.13255,4.56575
2976,421,1.31586,4.5012
2987,421,3.88764,3.13351
2989,-421,1.07052,4.04677
2993,421,1.03327,2.76055
2995,-421,2.86138,2.88572
2995,421,1.5354,2.89935
3000,-421,2.22559,2.95113
3001,-421,1.75598,2.55297
3005,421,3.11601,3.63411
3005,-421,2.54359,3.83999
3011,421,2.98226,4.38218
3013,-421,1.79959,2.60164
3019,-421,1.07706,4.26633
3022,421,1.52207,4.53714
3025,421,2.15663,2.52326
3028,-421,0.869179,3.36057
3032,-421,2.1881,4.09293
3032,421,0.482936,4.87254
3048,-421,1.61677,2.57062
3049,421,2.49726,2.52111
3054,-421,1.22879,2.75412
3055,421,4.20408,4.29218
3056,-421,1.47177,3.06729
3057,-421,0.132697,4.6085
3061,-421,3.06239,4.55287
3061,421,2.90694,4.6576
3074,-421,1.11609,2.27671
3075,-421,2.05414,2.96752
3078,421,0.85151,3.7328
3079,-421,0.438202,2.56204
3080,421,0.900078,4.27926
3081,-421,3.73537,3.41263
3090,421,0.971298,2.26119
3094,-421,3.32271,3.04604
3096,421,0.159229,3.03414
3096,-421,2.67981,3.12595
3097,421,0.98814,3.68469
3104,421,1.18368,4.50636
3105,-421,1.77109,2.46018
3114,421,1.17519,3.22245
3114,-421,1.97411,2.02838
3116,421,3.15375,3.36709
3116,-421,2.23563,3.4559
3125,-421,3.00555,3.23746
3128,421,1.05027,2.582
3128,-421,1.21494,2.44292
3145,421,2.65417,2.28797
3153,421,1.03417,2.25789
3155,-421,1.93374,3.46188
3156,421,1.94911,3.15341
3164,421,0.868321,4.55012
3166,-421,2.79321,2.55992
3170,421,0.91253,2.51299
3172,421,1.3989,3.74208
3173,421,4.8943,2.74995
3177,421,0.667348,3.59174
3178,421,3.17133,4.23053
3184,421,1.16005,2.21449
3186,421,0.813272,4.30828
3199,421,3.00126,3.21726
3200,421,1.72988,3.25083
3203,-421,0.177858,2.31637
3207,421,1.44103,4.90616
3223,-421,2.34814,3.40974
3223,421,3.03111,2.17186
3226,421,2.51495,4.56451
3227,-421,1.77103,4.92832
3228,-421,0.408645,2.80111
3228,421,1.91591,3.37688
3231,421,2.11157,2.74051
3248,421,1.22129,4.52561
3248,-421,2.48315,2.85014
3255,421,1.85342,4.26948
3259,-421,0.985115,4.69019
3263,421,0.340265,2.36113
3269,-421,3.25583,4.08203
3274,421,1.3297,3.7035
3274,-421,1.40278,3.50323
3283,-421,2.77412,4.83479
3285,421,1.32901,4.31726
3287,-421,2.28039,2.33778
3294,-421,0.843397,2.19959
3295,-421,1.86578,3.04379
3295,421,2.13822,3.57362
3298,421,2.0449,4.02372
3300,421,2.042,2.67638
3304,-421,1.03126,3.5303
3309,421,1.40129,2.32097
3309,-421,1.97432,2.55756
3318,421,0.984768,3.78693
3319,421,3.27366,4.8453
3335,421,3.18833,2.32092
3338,-421,1.41519,3.15008
3342,-421,1.7519,2.21786
3344,421,1.73799,3.88668
3353,-421,0.902006,3.84646
3360,421,0.324998,2.2839
3364,421,3.94846,4.4532
3364,421,0.902034,2.05685
3365,-421,0.716919,3.00367
3369,421,1.33872,4.47911
3380,421,1.35538,3.47629
3387,-421,6.07485,2.41606
3387,421,5.89337,3.08724
3401,421,1.90002,4.28096
3405,-421,1.43872,4.12833
3406,421,3.33327,4.5959
3413,-421,11.4694,2.81111
3413,421,1.88156,3.09807
3415,421,2.28175,3.01955
3418,421,1.49115,4.88421
3418,-421,1.14976,2.07521
3422,-421,3.73584,2.2378
3425,421,1.144,3.10456
3426,-421,2.2953,3.25735
3432,421,1.17019,2.75814
3437,-421,1.17842,3.26001
3438,-421,1.2235,2.41934
3440,-421,3.75206,4.86443
3440,421,1.39194,3.73979
3441,421,0.847599,3.08985
3442,-421,1.28151,4.89194
3442,421,1.0506,2.32372
3448,421,0.801047,2.14021
3450,421,1.32901,2.28382
3451,-421,1.26783,2.35278
3452,-421,1.12404,2.83324
3454,421,2.67665,2.70924
3454,-421,2.15012,2.29191
3468,421,0.641153,2.3903
3469,-421,1.75271,2.08023
3470,-421,2.06449,3.53071
3473,421,1.35383,2.05427
3474,-421,1.29413,2.58847
3476,421,2.46045,2.10335
3476,-421,2.13809,3.60973
3480,-421,2.16782,4.5287
3480,421,1.27546,4.86359
3481,-421,1.8479,3.30548
3484,-421,1.66313,3.96169
3484,421,1.45824,4.41686
3486,421,1.77122,3.99236
3492,-421,1.40483,3.14633
3504,-421,1.60129,2.49791
3504,421,1.89536,4.25352
3517,421,0.919015,4.92038
3523,-421,1.00185,2.89009
3525,-421,2.03241,3.7309
3526,421,1.54664,2.37845
3528,-421,2.53185,3.68708
3531,-421,1.21456,3.42677
3555,-421,0.567874,2.63069
3555,421,0.976056,3.60296
3566,421,3.51207,2.80214
3567,-421,0.628683,4.15972
3575,-421,2.56504,2.88671
3577,-421,3.9805,4.58788
3593,421,0.956261,3.14076
3601,421,1.29929,3.82625
3610,-421,2.64697,3.13976
3615,-421,1.29571,3.3587
3615,421,1.47029,2.10467
3627,-421,0.842953,2.16074
3628,421,3.58583,3.52542
3631,-421,1.41401,3.96934
3640,421,1.11981,4.7271
3643,421,1.59785,4.56279
3653,421,1.96327,2.93801
3657,-421,1.41958,2.21312
3665,-421,0.727216,2.4257
3666,421,0.833482,3.72085
3682,421,7.00594,2.7204
3690,421,2.22176,2.93446
3694,421,1.66592,3.9068
3698,-421,1.11192,2.01087
3703,421,0.523508,4.33131
3706,-421,3.62083,2.32303
3709,421,2.198,2.18283
3710,-421,0.713223,3.93742
3717,-421,0.679936,4.27009
3727,421,3.55726,2.96844
3728,-421,0.624531,3.67676
3741,421,2.22576,2.26568
3749,-421,1.78295,3.40353
3771,421,1.37494,3.21404
3771,-421,1.92965,3.55577
3775,421,2.84299,4.32044
3775,-421,0.9741,3.54366
3779,-421,2.56933,2.40336
3785,-421,1.18642,2.73785
3785,421,1.7686,2.52206
3787,-421,1.46226,3.9753
3794,421,2.00078,4.24411
3799,-421,1.58326,4.97148
3800,-421,1.12428,2.31713
3805,-421,2.87532,2.47631
3807,421,1.62739,4.08789
3810,-421,1.54993,2.09347
3811,-421,0.762413,2.30902
3817,421,1.81821,4.88984
3817,-421,0.954403,3.71985
3823,-421,1.60775,2.45804
3825,421,1.6424,2.86674
3826,421,0.866315,4.64478
3828,421,1.75723,4.67428
3835,421,2.54846,4.80374
3839,421,4.43581,2.1943
3851,421,1.35447,3.05381
3853,-421,0.450594,3.84542
3854,-421,2.73671,2.36827
3856,421,2.26475,3.5184
3857,421,2.7623,3.43113
3858,-421,0.987209,2.30958
3868,421,3.90567,3.09953
3869,421,0.740166,2.92686
3872,421,1.23224,4.47275
3873,421,1.04249,4.24759
3875,421,5.18721,4.72072
3875,-421,4.52847,4.20337
3877,-421,1.10994,2.65085
3877,421,1.64901,2.89312
3880,-421,1.7181,4.10628
3880,421,2.64509,3.72938
3881,-421,0.56324,4.84535
3887,-421,0.971912,2.02863
3896,-421,0.575323,2.71249
3907,421,1.98733,2.53907
3911,-421,1.80251,2.2531
3918,421,1.39944,3.25132
3918,-421,2.49337,2.48211
3934,-421,1.19009,4.02374
3935,-421,1.38971,3.01054
3939,421,1.98672,2.94931
3941,421,1.20242,4.34591
3943,421,0.818295,4.07341
3946,-421,1.47783,2.55344
3946,421,1.73887,2.69655
3955,-421,1.99868,3.46875
3956,421,0.740955,2.71777
3962,421,0.623741,2.50455
3962,-421,1.80643,3.09764
3967,-421,1.82338,4.46992
3967,421,1.18229,3.80072
3974,-421,1.37038,3.63972
3981,421,3.50664,3.57247
3993,-421,3.99075,2.29236
3993,-421,2.9643,2.52259
3996,-421,1.55914,3.35035
4003,-421,1.33398,3.53982
4007,-421,1.12646,4.82036
4008,421,0.731529,3.396
4008,-421,5.45051,4.24574
4010,421,0.853474,4.02224
4013,421,1.874,2.66852
4013,-421,1.12659,4.9194
4016,-421,2.10995,4.27804
4022,421,1.82783,2.34654
4032,421,1.34575,2.36409
4033,421,1.2848,2.60272
4035,421,3.26534,2.96192
4037,-421,3.3612,4.34273
4037,421,3.38453,2.31941
4044,421,2.35943,4.26974
4045,421,1.97332,2.81223
4051,-421,0.248922,3.50696
4052,-421,3.06211,2.23852
4052,421,1.68523,2.01248
4060,421,1.61945,2.54918
4061,421,1.27179,2.20764
4066,-421,0.966144,3.9129
4067,-421,3.95431,3.5684
4071,421,0.439319,4.12553
4073,421,3.14522,3.02078
4075,421,2.65319,4.0174
4081,421,1.11683,2.88164
4082,-421,2.71916,2.77343
4088,-421,3.15952,4.63387
4090,-421,2.96706,3.80177
4090,421,0.94565,4.30638
4097,421,0.602344,4.09127
4101,421,0.897131,4.96667
4101,-421,1.19686,2.13583
4104,421,2.38225,4.65527
4112,-421,1.71344,3.97835
4114,421,4.49891,2.1728
4120,421,2.727,4.12781
4137,421,0.899199,3.78572
4140,-421,2.26115,3.68421
4145,-421,1.21155,4.55011
4147,-421,4.5109,2.57423
4155,421,1.04757,3.66181
4156,-421,0.900009,2.15389
4156,421,3.68377,4.52729
4159,421,1.00505,4.74866
4164,-421,2.90515,2.25324
4165,-421,2.03257,4.68131
4165,421,1.56739,2.74239
4166,-421,3.71945,2.16185
4167,421,1.14238,4.49971
4168,421,1.94472,2.58035
4171,421,1.93692,2.41694
4180,421,1.32384,2.61104
4180,-421,1.66505,3.22019
4183,421,2.07264,4.31423
4183,-421,1.80296,4.33725
4184,421,1.01774,4.39231
4198,421,1.2016,3.65198
4200,-421,0.983603,4.01773
4200,421,1.33302,2.45087
4201,-421,2.4643,3.58722
4208,-421,1.06133,3.86679
4210,-421,1.1045,3.26653
4210,421,0.972332,3.47218
4211,-421,0.730794,4.32413
4212,421,0.956147,3.08754
4219,-421,0.753981,4.6353
4226,-421,8.02932,2.10947
4230,-421,2.03883,4.78035
4230,421,2.08285,4.44099
4231,-421,1.05778,2.37504
4238,-421,3.86377,3.79948
4242,421,2.29514,3.32756
4242,-421,2.90045,2.39901
4244,-421,1.41189,2.08046
4244,421,2.1371,4.08436
4245,421,1.65995,4.87056
4246,421,2.08642,4.85854
4247,421,3.4457,2.25351
4254,421,0.705659,3.70354
4260,-421,2.44737,3.7825
4260,421,1.54602,3.35984
4268,421,2.45567,3.66489
4277,-421,1.14555,4.04267
4280,421,0.776094,3.49077
4282,421,3.19076,2.07278
4290,-421,1.21873,3.82088
4292,-421,1.4092,3.82723
4293,421,2.08754,3.51527
4302,421,1.40175,3.71169
4303,421,2.18359,3.17374
4305,-421,1.79619,2.11276
4307,421,3.77958,2.15894
4309,421,2.98012,3.06182
4310,-421,1.45567,4.0967
4314,421,1.81935,3.53284
4320,421,3.30959,4.8391
4320,-421,2.5859,4.12909
4326,-421,1.61199,3.39683
4328,-421,2.36421,2.53453
4331,421,5.52939,3.00202
4334,-421,1.704,3.55708
4347,-421,1.15886,4.33054
4351,-421,3.10334,2.95224
4354,421,2.95483,2.038
4359,-421,2.07469,3.9238
4359,421,1.56214,4.03572
4364,-421,0.882794,3.01098
4366,-421,2.84018,3.54965
4372,421,3.01109,2.37321
4381,421,8.56288,3.92715
4389,421,1.12729,4.12543
4390,-421,1.49301,4.39401
4390,421,2.35063,3.58434
4396,421,0.927917,2.99006
4396,-421,1.03261,2.41257
4398,-421,1.66408,3.4294
4400,421,1.88801,4.14283
4402,-421,4.44713,2.62833
4408,421,1.1589,3.56767
4411,421,0.92596,3.61096
4412,421,1.45921,3.97415
4414,-421,0.344416,2.73272
4415,-421,1.16584,2.40167
4427,-421,0.759444,2.14503
4436,421,0.879728,2.97681
4437,-421,1.18085,2.31402
4449,421,1.27974,3.22046
4451,-421,0.477747,3.6452
4454,-421,3.29184,2.0259
4460,421,1.11289,4.28696
4463,421,1.25184,2.49253
4464,-421,0.953057,2.21986
4467,-421,0.745905,4.0617
4474,-421,3.66547,2.88128
4477,-421,1.3907,2.88408
4479,-421,1.17174,4.53391
4489,421,3.72226,4.07231
4489,-421,2.91085,3.33933
4493,421,2.02476,3.47056
4497,421,1.3153,3.45449
4501,-421,0.369222,4.3073
4507,-421,0.498444,4.12848
4510,421,3.8013,2.40642
4513,421,2.35167,3.6226
4515,-421,3.40939,2.0541
4520,-421,3.2446,4.56829
4529,-421,1.94094,2.90775
4535,-421,2.58862,3.57799
4535,421,2.75779,2.35149
4538,-421,1.19573,4.93318
4542,-421,2.4126,3.39045
4543,-421,0.408317,3.64468
4545,421,1.29802,4.32381
4545,-421,2.45964,3.91928
4548,-421,1.55979,3.9466
4550,-421,2.18423,2.70586
4555,-421,1.17389,2.46659
4558,-421,1.08801,3.37523
4562,421,2.45288,4.58941
4562,-421,0.477091,2.29638
4565,421,1.30717,2.79966
4565,-421,2.06767,2.59779
4573,-421,3.15071,2.39583
4580,-421,2.56582,2.30986
4580,421,0.623947,3.06553
4584,-421,0.469159,3.56513
4587,-421,0.77766,2.12005
4591,-421,1.84521,4.40328
4597,421,1.68012,4.66822
4597,-421,0.456855,3.38324
4603,-421,0.905351,4.38986
4604,421,2.44316,2.25658
4605,-421,0.837235,4.3623
4610,421,1.91651,3.95208
4612,421,4.53506,3.57618
4614,421,1.85805,4.49489
4624,-421,1.58584,3.14756
4624,421,2.98521,4.22595
4630,-421,1.52874,2.14147
4633,-421,3.62378,2.33494
4635,421,1.7205,4.59244
4636,-421,3.29763,4.99428
4636,421,2.21813,4.08285
4638,421,1.19584,2.27517
4638,-421,1.65756,3.13486
4644,-421,2.65361,2.93016
4646,-421,1.1537,4.04526
4669,-421,1.80969,2.95271
4670,-421,2.34866,3.99095
4672,421,2.67853,3.80414
4674,421,1.56611,2.82886
4674,-421,1.08742,2.65827
4682,421,3.22656,2.4925
4684,421,1.92583,2.94967
4686,-421,1.69083,4.9754
4689,421,2.54242,2.54006
4690,421,1.63907,2.47164
4690,-421,3.3709,3.46858
4691,-421,1.36464,4.1131
4693,-421,1.76149,4.41886
4694,421,2.37087,4.68918
4705,-421,2.11805,2.82316
4707,-421,2.33511,2.10214
4712,-421,1.34981,2.47276
4716,-421,3.13626,4.22177
4718,421,2.30361,4.56948
4722,-421,1.43305,3.8595
4726,421,2.03132,4.65403
4731,-421,4.19491,2.96368
4734,-421,3.23206,2.90564
4737,-421,0.644548,2.41529
4739,-421,3.55401,3.47515
4744,-421,2.40325,2.58712
4744,421,2.68113,3.78079
4755,421,1.43671,2.32116
4764,-421,5.62636,2.33625
4768,421,1.69053,2.10013
4776,-421,0.692784,4.37768
4785,421,0.167596,4.52475
4796,421,2.47661,3.76098
4798,-421,0.678632,3.76774
4806,-421,4.559,2.30475
4812,421,0.351742,3.90016
4823,421,0.742491,3.00267
4829,421,1.28107,2.96226
4830,-421,1.04172,2.18097
4832,421,0.350111,2.73852
4838,421,1.65632,3.32566
4843,-421,1.20773,3.82087
4844,-421,1.30365,3.01022
4847,421,1.84509,4.28281
4855,-421,1.3807,2.7449
4855,421,1.95501,4.13568
4860,-421,1.64928,2.22052
4861,421,0.827986,3.42755
4862,-421,6.42602,3.60842
4863,-421,4.74061,2.4893
4868,421,1.78346,2.94284
4875,421,2.81924,3.30439
4878,-421,4.15122,3.25157
4878,421,3.39967,2.39263
4879,421,1.15834,3.1618
4884,421,1.38434,4.29733
4892,421,0.76906,3.61234
4900,-421,0.551974,3.05292
4900,421,1.14669,4.51048
4901,-421,1.90011,3.41362
4903,-421,0.42085,3.94845
4906,421,1.17443,3.44464
4916,-421,1.93001,4.0241
4918,-421,0.929807,2.71396
4918,421,1.76212,4.04332
4920,-421,1.64009,2.87928
4922,-421,1.45745,4.88806
4927,421,2.01167,2.4837
4932,-421,1.06777,3.33378
4937,421,4.72948,2.08996
4937,-421,0.484984,3.88886
4949,421,1.25135,4.47325
4950,421,0.659579,4.6355
4950,-421,0.768939,2.83901
4951,-421,0.907896,3.3692
4965,421,1.1082,3.4097
4971,-421,1.32755,3.03942
4973,-421,1.48134,4.3024
4979,421,0.970382,3.01836
4979,-421,2.66099,3.00929
4982,421,2.16459,3.05848
4982,-421,1.06738,2.36336
4985,421,2.07436,3.55267
4987,421,2.36618,4.04026
4987,-421,1.73483,2.56842
4997,421,1.30873,2.37175
5003,-421,3.71761,4.5858
5012,421,2.78343,3.3076
5012,-421,3.38648,4.89397
5014,421,1.1432,4.97234
5021,421,1.28816,4.25849
5022,-421,3.92424,3.01033
5026,421,5.53207,2.60976
5046,-421,1.14891,2.9899
5046,421,2.01023,2.48835
5056,-421,1.31592,2.87523
5059,-421,1.29631,4.15277
5061,421,1.64265,3.5579
5061,-421,0.952344,4.6
5075,-421,3.82008,2.20019
5086,421,1.89733,2.51237
5093,421,2.88611,3.74477
5096,421,4.82891,3.18802
5102,-421,1.48012,3.79212
5104,-421,2.85946,2.82977
5107,-421,3.01056,2.68359
5107,421,2.99365,3.69934
5115,-421,0.963467,2.33273
5119,-421,1.83439,2.40468
5123,421,1.92963,4.43056
5131,-421,0.736084,2.15802
5136,421,2.35398,3.0251
5146,421,0.956989,3.85721
5148,-421,1.21334,4.21887
5157,421,1.66921,3.08203
5163,421,4.26906,3.05401
5166,-421,2.29125,3.13474
5166,421,2.25442,4.26044
5177,-421,0.852456,3.80661
5177,421,0.259756,4.80269
5184,421,1.50499,4.32583
5187,-421,2.74242,3.37994
5196,421,0.996523,3.17351
5203,421,0.875002,4.46993
5206,421,0.99369,4.32284
5212,421,2.89843,4.00162
5212,421,1.47114,3.86749
5212,-421,1.16838,2.77803
5222,421,2.24245,3.313
5225,-421,1.38825,2.02116
5228,421,4.98339,3.17076
5236,-421,3.12224,2.01746
5238,421,6.30897,2.10458
5247,-421,1.34557,2.77584
5247,421,1.14249,2.60621
5251,-421,1.59643,2.06856
5255,421,4.35888,2.0878
5256,-421,1.78856,2.06331
5260,-421,2.00534,2.71171
5263,421,0.76635,2.27406
5265,421,0.577091,3.36043
5266,-421,1.02854,4.84543
5266,421,0.452013,2.19267
5271,421,2.44869,3.14811
5276,421,2.32324,2.24936
5276,-421,0.63267,2.12585
5287,-421,3.64764,3.67692
5289,-421,1.82396,2.83408
5292,421,0.335209,4.50327
5303,-421,3.18494,4.69898
5304,421,1.43818,4.84905
5306,-421,2.17211,2.33404
5311,-421,0.792498,3.53725
5312,-421,0.557367,3.77117
5313,421,7.13828,2.6687
5330,-421,2.00228,2.25397
5331,-421,1.56954,2.3347
5331,421,2.23777,2.6089
5333,421,2.93733,2.07332
5342,421,1.48534,4.17402
5345,-421,2.13811,3.65606
5348,-421,2.07243,2.1804
5351,-421,2.4363,4.47863
5351,421,1.8038,3.28909
5352,421,1.65015,3.43908
5354,-421,1.84198,2.02741
5354,421,2.21525,2.46208
5356,421,1.99601,3.96379
5363,-421,1.96025,2.59631
5364,421,2.35789,4.93425
5370,421,1.11405,2.6899
5371,-421,1.90328,2.426
5380,421,1.65208,4.56101
5391,-421,1.88974,4.90668
5391,421,0.706475,3.15285
5397,-421,1.93501,3.7043
5400,-421,2.64108,2.18829
5401,-421,1.43402,4.06428
5406,421,5.20656,3.52107
5408,-421,2.28321,2.07921
5408,421,6.20073,2.80283
5410,421,1.64198,3.73599
5411,-421,2.17494,3.38372
5412,421,0.972439,2.95321
5413,-421,0.653037,4.27556
5415,-421,2.55565,4.34556
5417,421,0.0783968,2.91276
5424,421,0.628301,2.31845
5426,-421,1.94739,4.70682
5431,-421,1.73603,3.40675
5444,-421,2.06186,4.79152
5457,421,1.45506,4.14018
5459,421,0.784656,4.16008
5460,-421,3.62543,2.82167
5461,421,1.8315,4.30427
5462,421,1.82211,3.81215
5463,421,0.646188,4.0944
5467,-421,1.87071,2.88342
5473,421,0.937515,2.0017
5474,-421,0.847548,2.75341
5477,421,4.14191,3.24581
5479,421,2.7317,2.57792
5481,421,1.71242,2.85861
5485,-421,1.21347,2.45273
5486,421,4.63959,2.04268
5494,-421,4.61202,3.06867
5498,421,0.768763,4.16743
5498,-421,0.7038,4.86323
5504,-421,2.68192,4.31902
5508,-421,2.19185,2.04684
5514,-421,2.52169,4.0326
5516,421,0.633229,4.18382
5521,-421,1.24062,2.02538
5525,-421,0.759019,4.41563
5531,421,1.01703,2.21876
5532,421,1.10408,3.13156
5532,-421,0.914804,4.2835
5533,-421,4.20585,3.21287
5534,-421,1.31036,3.66238
5540,-421,5.03791,2.68784
5546,-421,1.50782,2.1485
5549,421,1.14198,3.32142
5550,-421,2.15176,4.18741
5551,421,1.51764,2.9955
5552,421,1.73049,3.32269
5556,-421,1.90957,2.92667
5557,-421,2.60443,2.99465
5563,421,1.2382,2.36962
5567,-421,2.27467,2.46938
5569,-421,2.63428,2.6121
5571,421,2.01811,2.17103
5572,-421,0.871494,3.30754
5574,421,2.50429,4.89655
5574,421,1.72605,3.70538
5583,-421,1.64577,3.94703
5583,421,1.31342,3.61159
5588,421,0.980416,4.33152
5589,-421,0.954301,2.79571
5590,421,2.99833,3.0267
5592,421,3.25907,4.01182
5592,-421,2.03371,4.58922
5600,421,1.63226,3.78066
5603,421,0.978259,4.09814
5607,421,3.01175,2.30275
5614,-421,2.27958,4.99068
5617,421,1.7257,3.3163
5621,-421,2.09149,2.71253
5624,-421,0.100835,2.0686
5629,-421,1.02194,2.41651
5635,421,2.50437,3.26531
5635,-421,1.09883,2.5302
5637,421,2.64642,3.88892
5648,421,2.32178,2.65296
5650,421,0.614842,4.03608
5654,-421,2.8799,3.05133
5661,-421,2.66047,4.73012
5670,-421,4.53552,4.54879
5673,-421,1.54565,4.88212
5678,-421,2.34398,2.78534
5688,-421,1.6299,2.83615
5691,421,1.01121,3.79382
5695,421,2.38683,2.45862
5702,421,1.96286,3.91644
5702,-421,1.72396,2.82021
5711,-421,1.40926,4.47647
5718,-421,1.25898,2.03846
5726,421,1.15592,4.04062
5727,-421,0.86212,4.46893
5728,421,2.65769,2.99037
5729,421,1.87634,3.64347
5734,421,7.97798,2.33482
5734,-421,2.01943,2.14141
5737,421,1.14996,3.03251
5746,-421,0.676222,2.91413
5748,421,1.18703,2.68953
5752,-421,1.53439,3.32503
5754,-421,0.629173,2.63507
5755,421,0.192739,3.6933
5757,-421,1.66369,2.3736
5757,421,1.52126,2.32195
5761,-421,0.821439,3.80951
5762,-421,3.99759,4.66469
5770,421,1.18239,3.83296
5772,-421,2.63053,2.54124
5777,-421,3.95755,3.07835
5777,421,2.55579,2.70999
5780,-421,0.0796868,3.03596
5787,-421,0.613289,2.67177
5795,421,2.51225,3.10633
5798,-421,1.35712,3.30142
5798,421,1.66499,4.58851
5800,421,0.837959,3.0921
5800,-421,0.374447,4.02508
5808,-421,2.46202,2.57983
5808,421,1.0946,4.28137
5819,421,0.656129,4.24913
5822,-421,2.90008,4.27113
5824,421,0.876116,3.72928
5826,-421,0.586309,2.59642
5834,421,2.01007,2.42916
5838,-421,1.87788,3.21548
5838,421,1.7817,2.56008
5839,421,1.6094,3.24145
5839,-421,1.59767,4.46183
5848,421,0.614845,2.19217
5855,421,1.4174,4.45044
5858,421,1.65946,4.35514
5866,421,0.614486,4.01683
5867,421,3.79614,2.14574
5875,-421,1.11851,4.44801
5879,421,1.92258,2.37599
5889,421,1.24227,2.35315
5891,-421,7.46322,4.39013
5891,421,2.55075,3.27228
5895,421,0.0579284,2.72874
5896,-421,0.979287,2.16997
5898,421,1.53716,3.61119
5904,-421,1.04048,3.59966
5910,421,0.878661,4.87274
5911,-421,1.13758,2.23013
5912,421,1.96229,4.05667
5921,-421,0.81301,3.91558
5929,421,2.20781,3.63571
5938,-421,1.41466,2.78822
5946,421,4.4345,3.74655
5951,421,2.70531,3.82566
5951,-421,3.10166,3.15177
5952,-421,0.801972,4.84581
5952,421,1.2729,3.57361
5954,-421,1.45817,4.7832
5955,421,1.52642,2.24471
5958,-421,3.04641,2.70654
5961,421,1.00671,4.86117
5969,-421,0.496698,2.93131
5989,-421,0.977355,4.06559
5991,-421,0.79463,4.08586
6005,-421,1.99726,4.79397
6008,-421,4.08382,2.96991
6018,421,0.590696,2.08161
6018,-421,2.03704,4.16391
6032,-421,2.15479,2.84536
6038,-421,0.617303,3.60994
6044,-421,2.7069,3.51451
6052,-421,1.20411,3.22596
6059,-421,1.89285,4.41946
6063,421,1.84377,2.29592
6066,-421,1.10529,3.99745
6071,-421,1.821,4.60202
6075,-421,4.4652,2.52447
6080,-421,1.99124,4.50091
6086,-421,1.28721,3.33091
6087,421,0.792417,4.42528
6088,421,2.8074,2.10559
6094,-421,1.96563,3.82887
6095,421,2.05336,3.95288
6100,-421,0.673511,3.32889
6105,421,0.977175,2.13908
6119,421,0.784527,3.08301
6119,-421,2.39536,2.7059
6121,-421,1.95426,2.43423
6124,-421,1.14414,3.70081
6128,-421,1.00875,2.32532
6129,-421,1.30796,3.31655
6139,-421,1.78571,3.69916
6140,421,0.911523,2.8137
6151,421,1.56316,3.15931
6155,-421,3.14214,4.05604
6157,-421,1.5776,2.17738
6159,-421,1.89256,2.94735
6160,421,1.7341,3.19715
6161,-421,2.94687,3.13539
6166,421,0.71039,3.64126
6169,421,1.62225,3.52684
6171,421,0.973151,2.73317
6175,421,2.31211,3.84318
6175,-421,2.02081,4.39387
6179,-421,1.79387,3.2283
6181,421,1.29098,4.11219
6183,421,0.931923,3.56556
6187,-421,2.47719,2.72676
6189,-421,2.09497,2.32374
6191,421,1.21752,2.56649
6191,-421,0.146291,4.72294
6196,421,1.01819,4.51211
6200,-421,3.8103,3.73741
6209,421,1.00493,3.73775
6214,-421,0.719767,4.77635
6232,421,1.2,2.47225
6232,-421,2.00467,2.83421
6235,421,1.50042,3.69079
6241,-421,3.46212,2.59455
6242,-421,0.960873,2.15306
6249,-421,2.51021,2.84868
6250,-421,3.28493,2.28039
6250,421,2.60571,3.32283
6259,-421,0.620166,3.24056
6261,421,1.19059,2.87658
6261,-421,1.53525,4.81145
6262,421,0.74119,4.95196
6263,421,0.452962,2.93398
6266,421,1.31866,4.88332
6266,421,1.89565,3.34054
6266,-421,0.664727,3.89402
6269,-421,3.43786,2.25764
6272,-421,0.672936,3.22206
6274,421,1.80438,3.08031
6280,421,2.26287,3.5015
6285,-421,2.53421,2.87438
6295,-421,0.72047,4.19544
6296,421,2.57212,2.52294
6296,-421,2.28257,4.20106
6301,421,1.97384,2.0947
6301,-421,4.22243,3.01591
6303,-421,2.68015,4.09197
6307,-421,0.841105,2.3564
6307,421,1.03238,4.16175
6307,-421,1.27788,3.351
6317,-421,4.3186,4.77075
6317,421,3.3654,2.57345
6329,-421,6.11477,2.21929
6347,421,1.55637,4.78597
6348,421,0.901766,3.68987
6348,-421,0.132797,2.77283
6359,-421,1.07605,2.71619
6363,421,1.76263,2.09299
6366,-421,0.432612,2.5489
6368,-421,2.86844,2.33211
6368,421,1.58884,4.0041
6370,421,0.835139,2.02932
6371,-421,0.839057,4.28025
6372,421,1.05529,4.52864
6385,-421,1.21243,3.70442
6393,-421,2.86631,3.82459
6399,-421,1.28028,3.69425
6400,421,4.09094,2.59773
6404,421,0.891712,4.8941
6409,421,0.448241,2.22319
6413,421,1.5474,4.77343
6418,-421,2.85258,3.77203
6418,421,0.760073,4.25488
6421,-421,1.82037,4.81506
6428,-421,4.59637,4.08967
6428,421,5.23633,4.17573
6431,421,3.24738,3.07106
6434,-421,0.547912,4.03186
6434,421,1.28697,2.53229
6444,-421,1.66516,2.47221
6446,-421,0.771118,3.77804
6447,421,1.51685,3.25201
6447,-421,1.25188,4.9049
6449,-421,1.95903,3.63545
6452,-421,1.56025,4.67486
6459,-421,0.379474,3.65163
6460,421,0.881497,2.75422
6461,-421,0.718196,2.7669
6467,421,1.08214,3.85893
6468,-421,1.07525,3.72643
6470,421,1.63832,2.05483
6472,-421,2.60004,3.72551
6475,-421,1.82571,2.10394
6482,421,0.870054,2.72919
6483,-421,0.801699,2.89167
6484,421,3.02184,4.62337
6490,-421,1.27936,2.38273
6494,421,1.47478,4.49717
6494,-421,1.13937,3.54966
6499,-421,1.04904,3.99476
6500,421,4.15976,3.92573
6503,421,2.41397,4.8559
6503,-421,1.10835,4.8041
6516,-421,1.96879,4.4661
6516,421,0.558369,3.82684
6521,-421,0.623565,2.64591
6525,-421,1.08829,3.15341
6529,421,1.43626,3.29643
6530,421,2.47559,4.23873
6530,-421,0.814327,2.75262
6547,421,0.83393,2.20084
6548,421,2.02438,3.59224
6556,421,1.87141,3.31774
6561,-421,1.29828,2.96514
6562,-421,1.40371,3.03048
6567,-421,3.44889,2.15151
6579,421,1.47106,4.86656
6584,-421,3.84975,2.32438
6593,-421,2.75286,2.35078
6595,421,2.95508,2.41524
6601,421,2.44097,4.20385
6605,-421,0.865581,3.69047
6605,421,1.14231,3.88651
6606,-421,1.26982,4.79157
6611,421,0.334508,3.74555
6612,421,2.59874,2.26476
6616,-421,2.5065,3.79168
6616,421,2.70578,2.39349
6627,-421,0.758167,4.6444
6635,-421,1.84399,2.35567
6639,421,0.905894,2.78685
6648,421,1.53096,2.86842
6650,421,1.67785,4.03196
6651,421,1.77422,2.02824
6652,-421,1.45886,3.08489
6654,-421,0.938931,3.91775
6665,421,1.45566,2.16723
6666,-421,2.34832,4.25464
6689,421,0.944969,3.40271
6691,-421,2.00202,2.26774
6695,-421,1.83094,3.36231
6698,-421,1.39251,3.5373
6698,421,0.625882,4.16199
6705,-421,1.48138,2.34481
6705,421,0.340299,4.82184
6723,421,1.99342,2.62378
6723,-421,4.65323,4.60578
6724,421,2.25714,2.51909
6726,421,1.42594,2.33065
6734,421,2.4018,3.34353
6736,-421,2.38444,2.80624
6736,421,3.34702,3.82058
6738,-421,1.52123,2.13004
6742,-421,1.23953,4.04696
6747,421,3.11726,3.94378
6753,421,0.427871,3.24199
6757,-421,1.81747,3.7589
6757,421,0.793037,2.92901
6764,421,1.36626,3.40415
6764,-421,3.09856,3.49181
6767,-421,1.14405,4.32623
6767,421,2.26392,2.9955
6772,421,1.76282,2.74326
6772,-421,1.18121,2.29769
6788,-421,1.07338,3.62832
6794,-421,1.25893,4.96015
6795,421,2.71129,2.03021
6805,421,0.730285,2.99894
6808,421,1.96139,3.50363
6814,421,0.654,4.77535
6815,421,2.04923,4.75229
6820,421,1.15659,2.07682
6823,421,0.888346,4.72138
6824,-421,4.6615,3.00498
6824,421,3.7578,4.41317
6824,421,4.69885,2.3601
6829,421,2.55865,4.99398
6831,421,0.855436,2.51096
6835,-421,4.06176,3.73095
6841,-421,0.349376,2.3515
6843,-421,5.06941,2.72093
6843,421,4.94792,3.1053
6844,421,1.0244,2.36307
6847,421,6.74527,3.77385
6849,421,3.7084,3.48759
6852,421,1.20782,3.13947
6859,-421,1.72246,4.20585
6859,421,1.57759,2.46196
6863,421,1.79883,3.42434
6866,421,0.939525,2.60402
6869,421,0.639317,2.27195
6869,-421,1.39367,4.39107
6871,421,8.7427,3.19671
6871,-421,9.41891,3.99465
6872,421,1.61424,4.73356
6879,421,0.769514,4.92413
6887,421,0.94222,2.86991
6894,-421,2.86199,3.2907
6896,421,0.831542,4.55469
6896,-421,1.65481,2.68963
6898,421,3.47448,3.15169
6903,421,2.19448,3.30163
6906,421,3.81007,3.66263
6909,-421,2.13892,2.97791
6913,-421,4.36114,3.61616
6914,-421,1.54485,3.92332
6914,421,1.0395,3.73783
6918,421,2.15935,3.43182
6918,-421,1.42268,3.4022
6920,421,3.59855,2.97665
6924,421,1.31125,3.9156
6925,-421,0.395659,3.64667
6940,421,1.64734,3.42614
6949,-421,1.80351,4.92204
6965,-421,0.783209,2.72863
6978,421,1.31469,3.94521
6981,-421,0.948092,2.87525
7002,-421,2.33765,4.16807
7004,421,6.06097,2.62676
7013,-421,1.86568,4.33632
7015,-421,1.73651,3.57959
7021,-421,4.9248,3.85141
7021,421,0.974118,2.7074
7024,-421,2.13839,2.44572
7029,-421,3.2281,4.70228
7037,-421,1.46515,2.39902
7038,-421,2.2085,2.02206
7038,421,1.38891,2.67794
7039,421,1.34442,4.03467
7039,-421,2.57137,2.04131
7040,-421,2.24732,2.5213
7050,-421,2.95139,2.1988
7056,-421,2.39615,4.51442
7081,-421,0.52609,3.54844
7082,-421,1.5761,2.3462
7086,-421,2.54985,2.09719
7087,421,0.946412,2.5749
7087,-421,1.94506,3.81931
7097,-421,1.22007,3.6464
7098,421,2.42285,2.58257
7107,-421,0.550618,4.23093
7107,421,1.33689,3.874
7108,-421,0.86596,2.84158
7110,421,0.387912,2.06595
7111,421,0.77294,4.44262
7112,421,2.01141,3.32968
7119,421,1.80608,4.0133
7119,-421,1.63207,3.14912
7125,-421,0.817425,4.50561
7126,421,3.72993,3.87837
7140,421,1.6128,2.30458
7140,-421,1.75452,2.38572
7141,421,2.62286,2.07745
7144,-421,1.1745,3.95669
7145,421,1.78779,4.1876
7152,-421,2.91308,3.00178
7160,421,9.40607,3.62071
7168,-421,4.06379,3.80894
7176,421,2.54957,3.78953
7181,-421,2.29727,3.38661
7181,421,3.16876,2.02867
7186,-421,4.52278,4.16074
7186,421,2.32329,2.9722
7186,421,2.46839,3.93371
7198,421,3.08493,4.73632
7214,-421,1.83905,2.40392
7221,421,0.454864,2.00766
7222,421,1.80134,2.46922
7223,-421,1.0878,2.05926
7223,421,1.85511,2.44845
7225,421,1.32452,4.68509
7229,-421,0.967736,2.50933
7230,421,1.73803,3.40507
7233,-421,1.25162,2.60604
7235,-421,3.49075,2.16784
7236,421,3.54814,4.43385
7237,-421,2.14996,4.09935
7239,421,1.91933,2.84847
7239,-421,1.80278,2.9923
7245,-421,3.01876,3.07679
7249,421,2.13798,4.15422
7254,421,1.57774,2.12604
7257,421,0.403856,2.73708
7261,-421,2.13646,3.03802
7263,-421,1.22047,2.43974
7267,-421,0.672823,4.30639
7273,421,1.82894,3.20121
7274,421,2.12828,2.59119
7274,-421,1.79177,4.24431
7279,-421,1.51934,4.5824
7279,421,1.74887,3.07324
7281,421,0.70831,3.59116
7285,-421,0.943996,3.14483
7285,421,1.73729,4.19989
7287,-421,1.19388,4.87497
7295,-421,2.71326,3.31674
7297,-421,1.5832,3.60719
7298,421,1.46023,2.2413
7307,421,1.54563,2.03911
7309,421,1.35133,3.04349
7324,-421,1.50458,3.66886
7324,421,0.955597,2.08091
7331,-421,1.83848,2.3534
7334,-421,0.0828181,4.8703
7334,421,0.603346,2.97969
7335,421,1.46871,4.35446
7336,421,0.708381,2.44685
7337,-421,0.664803,2.44918
7345,421,1.45765,2.57865
7345,-421,1.07047,3.07538
7352,421,1.83595,3.39957
7359,421,1.15881,2.81108
7363,-421,2.99871,3.32569
7363,421,1.65406,4.5225
7365,-421,2.4086,2.73589
7367,421,1.00769,2.56664
7367,-421,0.757909,3.97462
7369,421,0.931398,3.72218
7382,-421,1.29061,4.52623
7384,421,2.90066,3.72516
7385,421,1.49239,2.26428
7398,-421,1.68745,3.64611
7406,421,0.830138,3.91462
7423,421,0.397374,3.21447
7423,-421,1.33049,4.12059
7431,421,4.46815,2.6793
7432,421,0.478224,3.58158
7437,421,1.27136,2.34701
7437,-421,3.6746,2.8931
7438,-421,1.44726,3.05122
7439,421,1.52447,3.43403
7440,-421,1.34264,3.11559
7444,421,1.35928,3.48238
7447,421,0.498939,4.06325
7449,-421,0.713564,2.86135
7452,-421,0.857348,2.88479
7456,-421,3.49075,2.85525
7462,421,0.998113,2.58313
7469,-421,3.72739,2.46626
7480,-421,1.47939,3.18355
7487,-421,4.35479,2.43104
7493,-421,2.09534,2.28999
7496,421,3.88304,2.6537
7497,421,1.9062,4.7392
7497,-421,2.2116,3.51631
7498,-421,1.98887,4.44643
7499,421,2.19686,3.67957
7500,-421,1.85722,3.45281
7501,421,0.989718,2.70988
7503,421,1.65333,4.22432
7503,-421,0.95545,3.82639
7506,421,1.64142,3.07989
7507,421,0.286814,2.38943
7507,-421,1.5506,2.83414
7522,-421,2.60518,2.70777
7522,-421,0.896562,3.13776
7532,421,2.0288,2.62118
7539,421,0.800502,3.83229
7544,-421,0.717513,3.0824
7550,421,2.77254,3.83992
7563,421,1.26458,3.31768
7563,-421,1.14401,3.11025
7564,-421,1.61419,3.18455
7566,421,1.67068,2.98688
7568,-421,4.40708,3.64621
7570,-421,2.19996,2.24382
7573,421,1.22799,3.98564
7573,-421,1.29837,4.30457
7581,421,2.48517,4.39552
7585,421,2.72197,3.29455
7590,-421,0.411555,3.0437
7590,421,0.405402,4.16786
7596,-421,2.77804,4.10584
7596,421,2.08024,2.10121
7597,-421,0.505988,4.64311
7598,421,2.4319,2.10871
7608,421,3.63531,3.56002
7609,-421,1.21868,2.12015
7610,-421,3.21687,2.87868
7616,421,1.45795,4.31724
7619,-421,2.58755,4.55017
7623,421,1.3189,4.74273
7623,-421,1.53237,2.9004
7626,421,0.898551,2.56825
7629,-421,0.133729,2.84286
7631,421,2.31754,2.28141
7632,421,2.49062,4.74619
7638,421,2.10879,3.16268
7638,-421,0.756566,4.61097
7646,-421,0.746019,3.0251
7656,-421,1.39405,4.35582
7659,421,4.01938,4.79602
7661,421,2.35142,2.15522
7671,-421,1.59311,3.59407
7681,421,1.30109,3.84292
7683,421,2.61822,2.83893
7687,421,1.9375,4.2783
7696,-421,1.87148,4.42163
7697,421,3.59956,2.70223
7699,421,1.64607,3.78533
7699,-421,0.896401,3.47515
7700,421,1.22957,2.05039
7702,421,1.15892,3.49528
7702,-421,1.00992,3.3644
7703,-421,0.639947,3.69614
7704,-421,1.01865,4.28711
7706,421,1.56348,4.29033
7710,421,1.94364,3.9084
7712,421,2.36001,3.44666
7716,-421,3.22367,3.20737
7716,421,4.82818,3.24395
7719,-421,1.53509,2.1756
7721,-421,1.60104,3.59176
7725,-421,1.56477,2.37589
7729,-421,2.10478,4.30776
7729,421,0.341009,3.47374
7740,-421,3.84632,2.60187
7742,-421,1.00664,4.43507
7745,-421,1.83098,3.1261
7748,421,2.63637,2.74077
7750,-421,2.68459,4.38804
7750,421,7.86661,2.36542
7753,-421,0.723514,4.51631
7762,-421,2.27509,3.90874
7771,-421,3.12685,4.35968
7774,421,4.27253,2.27861
7774,-421,5.058,2.79198
7780,-421,0.952625,4.92595
7784,421,2.40605,2.61965
7789,-421,2.92121,2.92708
7790,421,2.32293,4.41313
7797,-421,2.21745,2.25995
7802,421,1.40574,4.12691
7802,-421,1.66475,3.11074
7807,-421,3.60549,2.5802
7808,421,0.374434,4.08366
7812,421,3.12433,3.636
7819,421,1.08539,2.06986
7822,-421,2.21186,2.60627
7822,421,2.68548,3.93055
7828,421,1.0278,3.04955
7828,-421,1.23796,3.39261
7829,421,0.335726,2.01591
7845,-421,0.602542,2.88915
7848,-421,2.99848,2.00141
7850,-421,1.50976,2.10782
7851,421,1.22932,4.94816
7856,421,2.06466,4.39424
7864,-421,3.78823,2.06937
7865,421,1.61641,3.94086
7873,421,1.09221,4.58006
7876,-421,0.714053,4.61438
7878,-421,0.811737,4.82918
7880,-421,1.4629,2.17623
7890,-421,1.21177,3.4865
7894,421,2.68582,3.28847
7897,421,5.91314,2.91562
7908,421,1.11118,4.35009
7912,421,1.91872,2.42553
7913,421,3.66801,2.30387
7914,-421,1.61923,4.16081
7916,421,1.39487,2.79188
7917,421,2.26613,4.02815
7921,421,2.02637,2.52763
7926,421,0.13333,2.35422
7931,-421,1.20186,4.38558
7931,421,1.11577,2.77761
7934,421,1.54155,2.62471
7939,-421,1.30017,3.59533
7942,421,4.61567,2.71656
7943,-421,2.19079,3.84592
7946,-421,2.8596,2.83674
7949,-421,1.83131,2.9359
7957,421,1.4038,2.68932
7960,-421,1.13136,4.10172
7963,-421,2.22102,3.52052
7968,-421,1.72502,3.58651
7969,-421,0.542109,4.77029
7971,-421,2.40943,3.66431
7975,421,1.38787,2.48746
7977,-421,2.33611,3.60878
7977,421,3.00168,2.67293
7978,-421,1.81548,4.03251
7980,421,1.70655,2.1049
7991,-421,3.5326,2.93984
7991,421,1.85348,2.3909
7996,421,5.52817,2.07592
7998,421,1.60329,2.44074
7998,-421,2.37736,3.44804
7999,421,0.998205,4.99294
7999,-421,1.05301,4.09764
8001,421,1.23495,3.83578
8010,-421,3.19234,4.89446
8013,421,1.07085,3.3726
8013,-421,1.52282,3.81865
8021,421,1.43305,2.69365
8023,-421,1.17555,4.36395
8032,421,1.6193,3.10778
8035,-421,0.593229,3.29579
8035,421,3.60685,4.48637
8038,421,1.08179,4.82802
8038,-421,1.57239,2.95108
8041,421,0.598106,4.75197
8050,421,1.21599,2.54996
8052,-421,1.39713,3.8029
8055,421,0.54634,2.0158
8056,421,2.27829,4.5666
8056,-421,1.08383,2.46624
8058,-421,1.69636,2.38371
8069,-421,1.46863,4.37229
8071,421,0.863998,4.46197
8075,-421,2.30145,2.23124
8078,-421,0.813062,3.80532
8079,-421,0.3886,3.18399
8080,421,0.692508,2.21121
8080,-421,2.01824,3.74135
8086,-421,2.33423,2.35882
8093,421,1.89221,2.96675
8093,-421,2.22283,3.3434
8094,-421,1.09796,2.87359
8103,421,1.31902,4.88525
8106,-421,3.70525,2.0986
8117,421,0.973735,2.80829
8120,421,1.1577,2.34052
8135,-421,2.008,3.24855
8143,-421,1.98127,2.85382
8148,-421,1.48979,2.79943
8152,-421,1.69392,4.89664
8157,-421,1.87823,4.25975
8160,-421,1.9478,3.01187
8162,421,0.943494,2.26542
8170,-421,1.63681,2.67951
8174,421,1.6201,4.5815
8174,-421,0.737913,2.5314
8182,-421,1.5134,4.17226
8184,-421,1.53166,4.34455
8185,-421,4.05495,2.66035
8197,421,2.65391,4.39923
8199,421,0.417982,4.16663
8199,-421,2.87093,2.40392
8211,421,0.344958,3.90642
8212,421,1.16753,4.20836
8212,-421,1.82095,2.80911
8213,-421,4.32325,2.04583
8217,-421,1.52991,4.81397
8218,421,1.1048,4.68802
8224,421,0.72145,4.0796
8225,-421,2.84405,4.83115
8236,-421,0.885456,2.42258
8237,-421,2.10642,4.30045
8243,421,0.757218,2.04265
8243,-421,1.52095,3.66013
8246,-421,1.65316,2.80988
8254,421,1.48458,4.79249
8256,-421,1.05678,3.65538
8257,-421,1.32193,4.57112
8258,-421,0.820361,3.05641
8261,-421,1.22042,2.16631
8265,-421,0.556132,2.5725
8267,-421,4.8548,3.90849
8270,-421,5.04516,4.55854
8270,421,5.0477,3.37269
8272,421,1.48336,2.11486
8274,421,3.38559,2.93018
8275,421,0.748664,3.38535
8276,421,3.28215,2.42574
8277,-421,1.46444,3.522
8286,421,1.50145,4.08991
8288,421,3.24347,3.45259
8288,-421,2.97009,2.27114
8289,421,1.89474,2.01029
8294,421,2.26948,2.45411
8300,421,1.18073,2.62262
8303,421,3.01837,2.35518
8306,-421,2.85426,3.51531
8310,-421,1.91001,3.32608
8311,421,0.988287,4.40297
8314,421,1.6341,2.1086
8315,421,4.20595,4.47659
8320,-421,2.07653,3.45812
8322,421,3.37247,4.32572
8322,-421,3.06052,4.46494
8323,-421,0.626019,2.06167
8326,-421,2.78041,2.64654
8337,421,0.597544,2.90148
8339,421,3.04785,4.71173
8339,-421,4.5363,3.12714
8343,421,2.08879,2.27941
8345,-421,1.38234,2.88378
8347,421,1.98565,4.75474
8348,421,2.3505,2.15787
8356,421,1.07455,3.47372
8361,-421,2.38926,4.45207
8361,421,0.568366,3.58053
8368,-421,0.636007,3.10661
8368,421,1.90158,2.49961
8371,421,1.13967,4.43349
8371,-421,1.61805,3.76957
8373,421,1.1399,3.79339
8375,421,2.9404,4.18714
8392,-421,0.837373,2.17837
8406,-421,0.706993,2.24435
8409,-421,2.3099,4.23775
8411,-421,1.79275,3.8851
8412,421,0.88023,3.20133
8413,421,1.6131,3.3011
8414,421,1.53061,2.81807
8428,421,1.55816,4.04483
8428,-421,1.90542,4.75372
8429,421,1.03727,3.55062
8429,-421,3.14052,2.76805
8430,421,1.75978,4.68161
8430,-421,2.11561,3.13267
8432,421,1.55623,4.10137
8432,-421,1.34675,3.99027
8433,-421,0.225748,4.01832
8439,421,1.37891,3.32868
8439,-421,1.0422,3.16335
8448,421,2.64786,2.64217
8453,421,1.80929,4.9789
8455,-421,1.04084,2.5211
8457,421,1.3875,2.36182
8457,-421,1.14176,2.03762
8466,-421,2.02169,2.64796
8469,421,2.3669,2.96098
8472,421,4.16667,4.41186
8475,421,1.1025,4.31795
8489,-421,1.90544,2.98781
8494,-421,0.616727,3.9847
8501,421,1.04203,4.84678
8505,421,2.35921,3.9027
8507,-421,0.866904,3.48791
8512,-421,1.17212,2.74342
8516,-421,1.44669,4.03693
8519,421,2.42015,4.151
8523,421,0.801136,3.16608
8525,421,1.31124,2.37917
8525,-421,4.90997,2.03473
8540,-421,1.15321,3.58898
8544,-421,2.1387,2.94505
8544,421,1.94829,2.38312
8551,-421,2.8935,2.79044
8551,421,1.33655,3.09146
8554,-421,5.59519,2.6206
8554,421,2.44022,2.84798
8555,421,2.26176,3.18522
8557,421,2.23896,3.51201
8558,421,3.25141,3.55542
8571,421,1.16961,3.24976
8577,-421,0.297774,3.56109
8583,421,1.65017,2.7715
8583,-421,2.24905,2.23954
8587,421,2.44931,2.4203
8592,421,1.93121,2.43677
8594,421,0.643309,4.17025
8596,-421,2.41559,2.58432
8600,421,1.00524,2.36189
8601,421,1.00489,4.07464
8601,-421,2.8886,4.86576
8604,-421,1.26654,2.39196
8605,-421,1.38748,4.47024
8606,-421,1.63031,2.77645
8610,-421,2.4114,3.36289
8621,421,3.57624,2.93686
8623,421,0.779228,4.6033
8626,421,1.86279,3.94206
8626,-421,1.16665,2.72001
8628,421,2.07178,4.85628
8640,-421,2.82657,3.53621
8640,421,1.72733,4.9838
8657,-421,2.82368,2.4226
8661,-421,1.08237,3.99676
8685,-421,3.08545,2.36085
8687,-421,0.724908,4.49945
8690,421,1.84014,4.24541
8694,421,1.7564,3.19776
8702,-421,1.70387,4.00676
8710,-421,1.17859,3.84421
8718,421,1.83846,4.85426
8723,421,1.42819,3.96162
8723,-421,1.11512,4.40746
8731,421,0.919941,4.16907
8735,-421,1.58986,4.33405
8736,421,0.128739,2.10138
8737,-421,1.81685,3.27514
8740,-421,0.679818,4.72664
8748,-421,0.803394,2.26
8753,-421,2.58448,2.41201
8755,421,1.60143,2.95442
8757,421,2.0713,4.35677
8758,421,1.32421,4.79463
8761,421,0.698903,3.91686
8764,-421,0.574176,4.20486
8769,-421,4.42258,4.09104
8769,421,2.06139,4.10114
8771,421,3.8976,4.75551
8771,-421,0.827191,3.7629
8772,421,0.552888,2.6637
8776,-421,2.31845,3.67056
8776,421,2.5753,2.24614
8780,-421,1.31387,2.09882
8781,-421,2.07521,2.66274
8786,421,0.984714,3.67548
8787,-421,1.16063,2.60006
8789,421,2.02865,2.88601
8790,-421,1.79451,4.45586
8791,421,3.87173,3.5583
8794,421,1.35715,2.09242
8797,-421,2.55859,3.33718
8805,-421,1.19391,4.14961
8823,421,1.14199,4.03464
8825,421,1.24901,3.05695
8828,421,2.01338,4.08048
8828,-421,0.286947,4.02757
8837,-421,1.32132,3.44316
8837,421,1.56254,4.11947
8842,421,0.971484,4.33888
8844,421,2.57997,3.38247
8845,-421,1.11541,4.31506
8845,421,0.893395,3.23607
8847,-421,1.44191,3.89438
8850,421,1.05557,2.14309
8852,-421,3.66807,2.50464
8861,421,3.26143,3.7007
8861,-421,2.05853,3.57718
8869,-421,1.37301,2.88675
8870,421,0.639228,2.02567
8878,-421,0.458835,3.57875
8882,421,3.32015,3.02762
8883,-421,1.69167,2.61962
8891,421,0.643573,3.86999
8912,-421,1.00044,2.95079
8926,-421,3.93716,2.8276
8926,421,5.62244,3.31353
8931,-421,5.70549,2.49031
8938,421,2.34869,2.5887
8943,-421,4.75177,4.15862
8946,-421,2.75575,4.66771
8946,421,1.11378,3.09541
8949,421,1.21365,4.36076
8957,-421,1.17922,3.10715
8962,-421,2.90649,2.40006
8964,421,1.29311,2.55873
8969,421,1.77915,2.60567
8971,421,3.42751,2.83537
8972,421,1.03201,3.94772
8975,421,1.1764,2.79172
8979,-421,0.925925,4.4569
8983,-421,0.885362,4.18559
8998,-421,3.37827,2.70142
9000,-421,0.683687,2.52282
9012,-421,0.803622,4.92674
9017,-421,1.32745,2.30195
9020,-421,0.976821,3.73635
9022,-421,2.3363,4.1771
9022,421,1.45958,3.42382
9023,421,0.970317,2.5106
9026,-421,1.49674,3.28027
9026,421,1.79031,2.19122
9027,421,0.972857,2.41213
9031,421,4.23405,3.13692
9031,-421,2.15761,3.5025
9033,421,2.19619,3.55292
9046,-421,1.34859,2.45881
9046,421,2.09253,2.2982
9064,421,2.06621,2.64307
9065,-421,1.11036,4.04231
9067,-421,3.90962,3.2696
9068,-421,0.775154,3.40539
9086,421,2.17046,2.33645
9090,-421,2.55228,3.58365
9094,-421,1.49014,3.37673
9105,421,3.89954,4.73822
9111,421,2.19901,4.79188
9121,421,0.556811,4.47014
9127,421,3.19795,3.50403
9135,421,3.02209,2.73211
9138,421,0.857278,4.42565
9146,-421,0.910235,3.48864
9146,421,2.35296,4.37905
9148,-421,0.661632,3.36725
9148,421,2.26853,3.30047
9150,-421,2.15457,3.67974
9152,-421,1.49557,3.39717
9155,-421,1.42684,2.73509
9163,-421,0.522912,4.90462
9166,421,3.89589,2.04589
9171,421,1.49686,4.56203
9172,421,0.682292,2.90755
9177,-421,0.761205,3.08529
9178,-421,3.50927,3.45676
9186,-421,0.465139,4.11132
9187,421,1.8174,3.73235
9194,421,0.786861,3.33333
9197,421,3.29167,3.62382
9198,-421,2.7635,3.39283
9199,-421,2.19463,3.10257
9203,-421,3.44059,4.78737
9210,-421,1.32566,4.4457
9210,421,1.49886,3.46417
9225,421,0.833286,4.7037
9230,421,2.40364,2.86301
9230,-421,2.75162,2.58477
9232,421,0.981228,3.7548
9235,421,2.62273,3.24513
9235,-421,1.14134,2.51416
9239,421,2.74881,4.07132
9239,-421,1.3781,3.6388
9241,421,0.600941,4.50465
9245,421,2.04584,3.46219
9250,-421,0.837804,2.18491
9252,-421,1.96555,4.96363
9252,421,1.56428,4.47084
9254,421,3.04156,3.09287
9262,421,4.0642,4.96929
9263,-421,0.348371,3.32658
9266,421,2.12957,3.45181
9273,421,1.93905,3.51818
9274,421,3.0831,2.78466
9276,-421,1.42763,3.50159
9287,421,0.743256,4.85936
9287,-421,1.65948,2.85788
9288,-421,2.09126,2.77773
9306,421,0.671181,4.70929
9317,421,1.42543,4.59479
9323,421,1.93805,2.09362
9324,421,1.31254,3.69059
9338,421,3.27472,4.00673
9341,421,1.77072,4.273
9344,-421,1.08976,3.24401
9348,421,1.69326,4.15116
9363,-421,1.6194,2.00039
9365,421,3.35297,2.38849
9372,-421,1.34108,2.59048
9379,-421,2.34378,4.23113
9384,-421,3.72225,3.28269
9391,421,1.41361,4.82576
9394,421,1.02008,4.60927
9395,-421,1.45228,3.31929
9396,-421,3.50158,2.12603
9398,-421,10.9337,2.64399
9412,421,2.18649,4.24085
9412,-421,0.900565,4.4912
9416,-421,1.04483,3.90002
9417,-421,1.98384,4.56276
9417,421,1.64856,3.04866
9419,-421,2.535,4.87488
9421,421,1.37925,2.20297
9426,-421,1.26927,2.89016
9430,421,1.53303,4.86905
9443,421,3.24554,3.24799
9444,-421,4.08672,4.4835
9456,-421,3.43074,4.79096
9460,421,1.86401,3.50778
9460,-421,2.05292,3.07948
9463,421,1.5785,2.76996
9468,-421,0.674694,4.40356
9473,-421,4.22492,3.3118
9483,421,2.14336,4.12334
9483,-421,1.06223,2.78399
9486,-421,0.526716,3.36557
9489,421,0.898816,2.06215
9490,-421,1.1851,3.61787
9492,-421,1.20668,3.04007
9493,-421,1.5412,2.63404
9493,421,1.24173,2.16078
9494,-421,0.923906,2.08973
9505,-421,0.76752,3.91693
9509,-421,0.765136,3.54177
9514,421,1.41563,4.21767
9530,-421,1.59694,2.91038
9543,421,1.95839,4.24028
9547,421,2.36614,2.94403
9547,-421,2.20495,3.45956
9561,421,2.32358,4.55301
9561,-421,2.17132,4.94694
9572,-421,1.38708,2.80143
9583,421,4.37436,3.11396
9586,421,2.4569,2.29623
9587,-421,1.8481,4.58982
9587,421,1.27571,3.00682
9588,421,1.2136,3.41866
9588,-421,1.07356,4.54678
9592,-421,0.6659,4.26983
9593,421,1.84834,2.91216
9595,-421,0.760959,4.12937
9595,421,0.890088,3.01964
9596,-421,0.639441,4.58071
9599,-421,0.641168,3.04038
9602,421,1.6002,2.24856
9603,421,1.59324,2.51735
9609,-421,1.32599,4.17858
9616,421,1.40072,4.02745
9619,-421,1.54202,3.5511
9619,421,0.896822,4.87693
9621,421,1.49551,4.69732
9629,421,3.19464,2.57692
9631,421,1.27918,4.09707
9641,-421,2.33319,4.6324
9644,-421,1.69102,4.32833
9659,421,1.90661,2.93543
9672,421,0.920154,3.1464
9675,421,1.88599,2.68209
9680,421,2.57237,4.65753
9688,421,0.498479,2.95778
9691,421,2.11796,2.13781
9703,-421,3.59933,4.99431
9703,421,0.237036,2.15812
9707,421,1.25971,3.19091
9707,-421,2.13474,2.62797
9708,-421,1.64171,4.99722
9710,421,0.515363,2.24049
9710,-421,0.9821,2.65061
9712,-421,2.3294,4.37643
9713,-421,1.00916,2.79815
9714,421,2.97843,2.84024
9715,-421,2.2181,3.87442
9716,-421,2.70603,4.28615
9718,-421,2.07402,2.22861
9725,-421,1.71513,3.5236
9727,-421,0.394153,3.87531
9728,421,1.11078,2.5694
9729,-421,1.77104,2.27618
9730,421,1.2723,4.95376
9745,421,1.93134,2.77949
9747,-421,4.91294,3.65002
9750,-421,2.31824,2.58747
9752,421,0.827413,2.81223
9755,421,1.63978,4.16733
9759,421,1.62804,2.03351
9760,421,0.85897,3.98441
9762,421,3.36073,4.65312
9767,-421,0.379385,2.31684
9778,421,2.01219,2.1857
9780,-421,0.7797,3.11571
9781,-421,0.747277,2.9107
9787,421,1.35424,4.4064
9789,421,1.68348,4.7495
9789,-421,1.87455,2.35137
9805,421,1.07351,3.41015
9811,421,2.1858,2.94284
9813,421,0.162798,2.4155
9823,421,2.71584,2.54526
9829,-421,1.14808,2.17018
9830,421,1.28493,3.20573
9843,-421,1.61465,4.51318
9845,421,2.68931,4.75808
9857,421,1.41,2.68108
9858,-421,1.191,3.0087
9859,421,2.49092,3.61963
9862,-421,0.717541,2.34995
9864,-421,3.11725,4.04089
9864,421,0.955974,4.10148
9875,-421,0.846394,3.57808
9875,421,1.35782,2.05714
9879,421,1.2644,2.50107
9883,421,2.42725,2.36709
9885,421,3.24151,3.33684
9886,421,3.58443,2.93158
9886,-421,0.308234,4.27716
9886,-421,0.850627,3.4349
9886,-421,5.65485,2.39473
9889,-421,1.53753,4.34149
9891,421,1.3668,3.1585
9893,-421,1.19646,2.57544
9908,-421,2.84492,4.75945
9912,-421,1.81029,2.70536
9919,421,2.66845,2.9518
9920,421,5.06425,4.19123
9922,421,3.10974,4.08384
9922,-421,4.55394,4.39063
9925,-421,3.79643,3.87356
9933,-421,0.401787,2.50787
9934,421,1.22704,4.13109
9936,421,2.9186,3.61361
9936,-421,3.01079,3.71787
9937,421,6.17324,4.21285
9938,-421,1.09986,2.88699
9939,421,2.2056,4.97028
9939,-421,1.88381,3.09408
9950,-421,1.58878,3.02605
9953,-421,2.57343,4.40715
9957,-421,0.962003,4.50695
9958,-421,3.18511,2.68814
9962,-421,0.539753,3.59318
9963,421,0.991496,2.17682
9968,-421,0.612795,2.82199
9979,-421,4.34982,2.06681
9980,421,1.01815,4.95942
9985,-421,0.985379,4.7924
9987,-421,2.15322,3.06242
9990,-421,4.62057,2.13771
9991,421,1.5764,3.74775
9993,421,1.05237,4.39101
9993,-421,0.595795,3.79529
